chr.names	query.population	reference.population	relative.distances.ks.p.value	relative.distances.ecdf.deviation.area	relative.distances.ecdf.area.correlation	relative.distances.ecdf.deviation.area.p.value	scaled.absolute.min.distance.sum.p.value	scaled.absolute.min.distance.sum.lower.tail	jaccard.measure.p.value	jaccard.measure.lower.tail	projection.test.p.value	projection.test.lower.tail	projection.test.obs.to.exp	lnc
awhole	110	2366	0.5532270937656071	0.0120382851677093	-0.0456264945144842	0.602	0.131	True	0.0	False	2.04697931625031e-05	False	9.16817633944011	ENSG00000215039_ASO_G0215039_01
awhole	5760	2400	0.408910417370226	0.00277611592487927	0.00999170966101071	0.166	0.0	True	0.021	False	4.10935605543727e-07	False	1.80826347842598	ENSG00000214548_ASO_G0214548_AD_09
awhole	2208	242	5.52456747016095e-10	0.0159323016183263	0.0589555986875048	0.0	0.003	True	0.154	False	0.30312151141444205	False	1.0958448586326701	ENSG00000246430_ASO_G0246430_03
awhole	32	71	0.8172281107961858	0.0229584502416404	0.0711501719354426	0.561	0.126	True	0.012	False	0.00851336786080581	False	0.0	ENSG00000256268_ASO_G0256268_AD_03
awhole	5760	2400	0.408910417370226	0.00277611592487927	0.00999170966101071	0.166	0.0	True	0.021	False	4.10935605543727e-07	False	1.80826347842598	ENSG00000214548_ASO_G0214548_01
