chr.names	query.population	reference.population	relative.distances.ks.p.value	relative.distances.ecdf.deviation.area	relative.distances.ecdf.area.correlation	relative.distances.ecdf.deviation.area.p.value	scaled.absolute.min.distance.sum.p.value	scaled.absolute.min.distance.sum.lower.tail	jaccard.measure.p.value	jaccard.measure.lower.tail	projection.test.p.value	projection.test.lower.tail	projection.test.obs.to.exp	lnc
awhole	3921	43110	0.0346688678630916	0.004278889114784971	0.0155321776130144	0.071	0.0	True	0.002	False	8.79296635503124e-14	False	1.8016132255315602	ENSG00000237187_ASO_G0237187_AD_08
awhole	328	3478	5.1001247364235195e-06	0.031847172281622996	0.126704921457961	0.001	0.0	True	0.254	True	0.30332057086773806	True	0.0	ENSG00000246067_ASO_G0246067_AD_06
awhole	1926	2509	0.00285930747926166	0.00915605773122445	0.0355986819398346	0.00900000000000001	0.0	True	0.087	False	0.0136174534421551	False	2.16206556352275	ENSG00000245937_ASO_G0245937_01
chr14	16	1	0.38272781600274	0.05060407176059299	-0.151545409932416	0.19699999999999998	0.15	False	0.0	False	2.9146571430938e-05	False	0.0	ENSG00000203721_ASO_G0203721_02
awhole	689	5694	0.0120057343308159	0.0159786707180459	0.06317089034738599	0.002	0.0	True	0.331	False	0.15735590791316598	False	1.41118432522525	ENSG00000234456_ASO_G0234456_04
awhole	22	171	0.9038305355652709	0.0176308823362518	0.0138883935269498	0.922	0.33399999999999996	False	0.002	False	0.00444883662116358	False	0.0	ENSG00000225439_ASO_G0225439_06
awhole	18	27	0.0207607380583811	0.0737469129979789	-0.281230645075856	0.037000000000000005	0.03	False	0.0	False	0.000124172344911577	False	0.0	ENSG00000251580_ASO_G0251580_AD_05
awhole	328	3478	5.1001247364235195e-06	0.031847172281622996	0.126704921457961	0.0	0.0	True	0.249	True	0.30332057086773806	True	0.0	ENSG00000246067_ASO_G0246067_AD_09
