chr.names	query.population	reference.population	relative.distances.ks.p.value	relative.distances.ecdf.deviation.area	relative.distances.ecdf.area.correlation	relative.distances.ecdf.deviation.area.p.value	scaled.absolute.min.distance.sum.p.value	scaled.absolute.min.distance.sum.lower.tail	jaccard.measure.p.value	jaccard.measure.lower.tail	projection.test.p.value	projection.test.lower.tail	projection.test.obs.to.exp	lnc
awhole	11	50	0.43754989653557397	0.0362906709098767	0.100833787911591	0.632	0.0629999999999999	False	0.001	False	7.11166623368342e-07	False	0.0	ENSG00000231187
awhole	266	10877	0.0554917723244739	0.0105561239244929	-0.040926148549314	0.318	0.0	True	0.074	False	0.00095409642506028	False	0.0	ENSG00000230630
awhole	40	20231	0.379010484350563	0.0185337825432284	0.0151725607924633	0.6829999999999999	0.17	True	0.021	False	0.00031632696398398196	False	0.0	ENSG00000271270
awhole	19	2568	0.178646177541335	0.0432465830815647	0.17329923871610903	0.245	0.012	True	0.002	False	2.48604378382256e-05	False	0.0	ENSG00000230844
awhole	17	3379	0.504870291544067	0.0312830196959818	-0.0867043205653582	0.5589999999999999	0.45	False	0.002	False	3.69328486329312e-05	False	0.0	ENSG00000229043
awhole	328	510	0.215275160902648	0.0109477340087971	0.0381877092815599	0.213	0.373	True	0.005	False	5.51874157935783e-05	False	0.0	ENSG00000246067
awhole	2	269	0.937381508593626	0.0683895135725007	-0.0190305973228222	0.9259999999999999	0.071	True	0.0	False	1.7884967641323997e-06	False	0.0	ENSG00000229847
awhole	26	187717	0.8360950178084341	0.0200317678980649	-0.067631631174448	0.794	0.301	True	0.132	False	0.00195991219961822	False	0.0	ENSG00000203706
awhole	67	2888	0.0654649084747982	0.0312143443077148	0.12240597222545199	0.069	0.0	True	0.004	False	6.80540142072861e-05	False	0.0	ENSG00000233901
