lncRNAId	lncRNAName	pvalue	mm_pvalue	mp_pvalue	pm_pvalue	pp_pvalue
ENSG00000225733_ASO_G0225733_AD_03	FGD5-AS1	0.1485949406247368	0.8971879096143203	1.0	0.0161117953814024	1.0
ENSG00000234456_ASO_G0234456_04	MAGI2-AS3	0.06352991398599257	1.0	1.0	0.014287270433372594	1.0
ENSG00000225733_ASO_G0225733_AD_06	FGD5-AS1	0.07494231760189843	1.0	1.0	0.0161117953814024	1.0
ENSG00000230630_ASO_G0230630_AD_04	DNM3OS	0.006191931548478875	0.8099550687969652	1.0	0.00032212855591984914	1.0
ENSG00000233901_ASO_G0233901_05	RP11-65J3.1	0.2980543650775883	1.0	1.0	0.010507078756807495	1.0
ENSG00000215039_ASO_G0215039_01	CD27-AS1	0.1485949406247368	1.0	1.0	0.02572567323303771	1.0
ENSG00000225733_ASO_G0225733_04	FGD5-AS1	0.04619647913631077	1.0	1.0	0.3675104602433667	0.025678682371890787
