chr.names	query.population	reference.population	relative.distances.ks.p.value	relative.distances.ecdf.deviation.area	relative.distances.ecdf.area.correlation	relative.distances.ecdf.deviation.area.p.value	scaled.absolute.min.distance.sum.p.value	scaled.absolute.min.distance.sum.lower.tail	jaccard.measure.p.value	jaccard.measure.lower.tail	projection.test.p.value	projection.test.lower.tail	projection.test.obs.to.exp	lnc
awhole	2208	825	6.92972100813094e-08	0.0156548519539008	0.0624540187643046	0.0	0.0	True	0.025	False	0.0031960163140365397	False	3.5697004344324204	ENSG00000246430_ASO_G0246430_AD_03
awhole	268	1489	0.00042654273832099	0.04124796223052	0.163867298299977	0.0	0.0	True	0.257	False	0.24893940150490698	False	0.0	ENSG00000230630_ASO_G0230630_AD_04
awhole	69	19	0.488732990192872	0.0203702639255936	0.00615955297813553	0.316	0.495	True	0.004	False	0.00132602153590644	False	0.0	ENSG00000268895_ASO_G0268895_03
awhole	14	466	0.280389684063508	0.0355320636690748	0.109873926469524	0.573	0.026000000000000002	True	0.015	False	0.0089728878966242	False	0.0	ENSG00000233117_ASO_G0233117_02
chr16	1	4	0.880320162967554	0.126942596007983	-0.119679837032446	0.8759999999999999	0.42100000000000004	True	0.0	False	0.000102337495777705	False	0.0	ENSG00000250742_ASO_G0250742_AD_05
awhole	5760	595	0.0	0.0246406710605374	0.0981720631498806	0.0	0.0	True	0.0669999999999999	False	0.0135290786240531	False	2.4225721427252402	ENSG00000214548_ASO_G0214548_AD_09
awhole	82	19	0.005316678841491011	0.0449623211215832	0.17964829832269102	0.004	0.006	True	0.002	False	0.00312143637619455	False	0.0	ENSG00000241990_ASO_G0241990_01
awhole	5760	595	0.0	0.0246406710605374	0.0981720631498806	0.0	0.0	True	0.073	False	0.0135290786240531	False	2.4225721427252402	ENSG00000214548_ASO_G0214548_01
awhole	2575	290	0.410198163126503	0.00407049248423187	0.0159764377404807	0.19399999999999998	0.034	True	0.005	False	0.00554910974800749	False	9.15286226244809	ENSG00000246273_ASO_G0246273_02
